{
  "accuracy": {
    "say": 0.8635897435897436,
    "find": 0.22869955156950672,
    "take": 0.12445730824891461,
    "year": 0.9738095238095238,
    "make": 0.3153153153153153,
    "time": 0.37572254335260113,
    "day": 0.4878048780487805,
    "know": 0.6174801362088536,
    "use": 0.8161865569272977,
    "thing": 0.19402985074626866,
    "way": 0.4900662251655629,
    "man": 0.75
  },
  "total_frequency": {
    "say": 1950,
    "find": 669,
    "take": 691,
    "year": 420,
    "make": 1443,
    "time": 519,
    "day": 328,
    "know": 881,
    "use": 729,
    "thing": 268,
    "way": 302,
    "man": 572
  },
  "most_common_freq": {
    "say": 1684,
    "find": 153,
    "take": 86,
    "year": 409,
    "make": 455,
    "time": 195,
    "day": 160,
    "know": 544,
    "use": 595,
    "thing": 52,
    "way": 148,
    "man": 429
  }
}