{
  "supervised_wsd_accuracy": {
    "say": 0.8940170940170941,
    "make": 0.4226327944572748,
    "know": 0.6075471698113207,
    "take": 0.21634615384615385,
    "use": 0.8858447488584474,
    "find": 0.2885572139303483,
    "man": 0.7267441860465116,
    "time": 0.46153846153846156,
    "year": 0.9523809523809523,
    "day": 0.5656565656565656,
    "thing": 0.24691358024691357,
    "way": 0.6043956043956044
  },
  "most_frequent_sense_wsd_accuracy": {
    "say": 0.8940170940170941,
    "make": 0.3117782909930716,
    "know": 0.6037735849056604,
    "take": 0.125,
    "use": 0.7808219178082192,
    "find": 0.23383084577114427,
    "man": 0.7267441860465116,
    "time": 0.40384615384615385,
    "year": 0.9523809523809523,
    "day": 0.5151515151515151,
    "thing": 0.19753086419753085,
    "way": 0.5054945054945055
  }
}