{
  "supervised_wsd_accuracy": {
    "say": 0.8940170940170941,
    "make": 0.5057736720554272,
    "know": 0.6037735849056604,
    "take": 0.2932692307692308,
    "use": 0.8493150684931506,
    "find": 0.34328358208955223,
    "man": 0.7267441860465116,
    "time": 0.5576923076923077,
    "year": 0.9523809523809523,
    "day": 0.6060606060606061,
    "thing": 0.2345679012345679,
    "way": 0.5164835164835165
  },
  "most_frequent_sense_wsd_accuracy": {
    "say": 0.8940170940170941,
    "make": 0.3117782909930716,
    "know": 0.6037735849056604,
    "take": 0.125,
    "use": 0.7808219178082192,
    "find": 0.23383084577114427,
    "man": 0.7267441860465116,
    "time": 0.40384615384615385,
    "year": 0.9523809523809523,
    "day": 0.5151515151515151,
    "thing": 0.19753086419753085,
    "way": 0.5054945054945055
  }
}